feature_num,classifier,best_params,val_accuracy,val_precision,val_recall,val_f1,val_auc,henan_accuracy,henan_precision,henan_recall,henan_f1,henan_auc,kits_accuracy,kits_precision,kits_recall,kits_f1,kits_auc
20,logistic_regression,"{'classifier__C': 10, 'classifier__penalty': 'l2'}",0.7038834951456311,0.14516129032258066,0.5294117647058824,0.2278481012658228,0.6735138499844383,0.6919642857142857,0.28846153846153844,0.3191489361702128,0.30303030303030304,0.5214569058781103,0.6094420600858369,0.22772277227722773,0.6388888888888888,0.33576642335766427,0.65721940214326
25,logistic_regression,"{'classifier__C': 0.01, 'classifier__penalty': 'l2'}",0.7038834951456311,0.20270270270270271,0.8823529411764706,0.3296703296703297,0.8151260504201681,0.6741071428571429,0.32894736842105265,0.5319148936170213,0.4065040650406504,0.7065753095323958,0.703862660944206,0.2962962962962963,0.6666666666666666,0.41025641025641024,0.733784545967287
30,logistic_regression,"{'classifier__C': 0.01, 'classifier__penalty': 'l2'}",0.7135922330097088,0.20833333333333334,0.8823529411764706,0.3370786516853933,0.8194833488951137,0.6875,0.3466666666666667,0.5531914893617021,0.4262295081967213,0.712585647313379,0.703862660944206,0.2962962962962963,0.6666666666666666,0.41025641025641024,0.7318104906937394
35,logistic_regression,"{'classifier__C': 0.01, 'classifier__penalty': 'l2'}",0.7087378640776699,0.2054794520547945,0.8823529411764706,0.3333333333333333,0.8216619981325863,0.7232142857142857,0.391304347826087,0.574468085106383,0.4655172413793104,0.705733862243058,0.6866952789699571,0.29213483146067415,0.7222222222222222,0.416,0.7432318104906936
40,logistic_regression,"{'classifier__C': 0.01, 'classifier__penalty': 'l2'}",0.6990291262135923,0.1917808219178082,0.8235294117647058,0.31111111111111106,0.7625272331154683,0.7276785714285714,0.3939393939393939,0.5531914893617021,0.46017699115044247,0.7040509676643828,0.6824034334763949,0.2840909090909091,0.6944444444444444,0.4032258064516129,0.7387196841511562
45,logistic_regression,"{'classifier__C': 0.01, 'classifier__penalty': 'l2'}",0.6747572815533981,0.1794871794871795,0.8235294117647058,0.2947368421052632,0.7559912854030502,0.7098214285714286,0.37142857142857144,0.5531914893617021,0.4444444444444445,0.7036903473975238,0.6523605150214592,0.26804123711340205,0.7222222222222222,0.3909774436090225,0.7287084038353073
